hid,category,headline,article
7,artificial intelligence,Researchers train medical AI model using synthetic patient simulation datasets,"In a groundbreaking development within the medical field, researchers have successfully trained an artificial intelligence (AI) model using synthetic patient simulation datasets. This innovative approach holds significant promise for transforming patient care by enhancing diagnostic accuracy and personalizing treatment plans. 

Utilizing synthetic data, which mimics real-world patient scenarios, researchers aim to overcome longstanding challenges in medical data accessibility due to privacy concerns and limited availability. By generating vast amounts of anonymized data, AI systems can be trained with greater efficiency and diversity, thus bolstering their capability to interpret complex medical conditions with enhanced precision.

The employment of synthetic datasets also serves to mitigate biases that often plague traditionally collected data. This diversity ensures that AI models can perform equitably across varied populations, addressing a critical concern in medical research where demographic disparities can lead to unequal health outcomes.

The potential applications of this technology are vast, ranging from early disease detection to streamlining hospital operations. Hospitals could implement AI-driven diagnostic tools that improve decision-making processes, reducing the burden on healthcare professionals and expediting patient care. Moreover, personalized medicine could see a substantial evolution, with AI catering treatments based on a synthetic understanding of individual patient needs.

As the healthcare landscape continues to embrace AI, ethical considerations around data usage remain paramount. However, the advent of synthetic datasets represents a promising stride toward harnessing AI's full potential safely and effectively, signifying a new era in medical innovation and patient-centric care."
9,artificial intelligence,Researchers train medical AI model using synthetic patient simulation datasets,"In a groundbreaking development in the field of artificial intelligence, researchers have successfully trained a medical AI model using synthetic patient simulation datasets. This innovative approach promises to reshape the landscape of healthcare diagnostics and treatment, providing a new layer of precision and reliability in medical assessments.

Traditionally, AI models in healthcare have relied heavily on real-world data, which often presents limitations in terms of availability, patient privacy concerns, and the risk of introducing biases inherent in the collected datasets. By contrast, using synthetic data allows researchers to overcome these limitations by crafting an extensive range of patient scenarios without compromising confidentiality or ethical standards.

The synthetic datasets are generated through complex algorithms that simulate realistic patient conditions, covering a diverse spectrum of medical cases. This ensures that the AI model is exposed to a wide variety of symptoms and outcomes, enhancing its ability to generalize and adapt to new, unseen situations. The use of such datasets also facilitates continuous learning and refinement of the AI, paving the way for more accurate predictive analysis and diagnostics.

Early results from studies using these synthetic datasets indicate that AI models trained with this method exhibit improved performance in identifying rare diseases and predicting patient outcomes. This step forward not only enhances the models’ diagnostic capabilities but also supports healthcare professionals in making more informed decisions, ultimately leading to improved patient care and outcomes.

As this research progresses, the integration of synthetic datasets in AI training could herald a new era in medical technology, reinforcing AI’s role as a pivotal partner in advancing healthcare innovation."
1,science & technology,Researchers develop biodegradable battery technology for next-generation electric vehicles,"In a breakthrough poised to revolutionize the electric vehicle (EV) industry, researchers have developed a cutting-edge biodegradable battery technology. As the global demand for sustainable energy solutions intensifies, this innovative advancement promises to transform not only the production norms but also the environmental footprint of electric vehicles.

The newly developed battery technology employs bio-based materials, which are not only environmentally benign but also ensure efficient energy storage and discharge capabilities. Traditional lithium-ion batteries, although effective, pose significant environmental challenges concerning resource extraction and disposal. Conversely, biodegradable batteries offer an eco-friendly alternative, reducing the dependence on finite resources and eliminating hazardous waste.

The research, conducted by a consortium of scientists at leading institutions, reveals that these batteries can decompose naturally at the end of their lifecycle, significantly minimizing the impact on landfills. The bio-based materials used are derived from renewable sources such as cellulose, extracted from agricultural waste, making them both cost-effective and sustainable.

Beyond their environmental benefits, these biodegradable batteries boast a performance efficiency on par with current lithium-ion batteries, marking a significant milestone in their commercial viability. The scientific community and industry stakeholders have lauded this innovation as pivotal in aligning the EV market with broader environmental sustainability goals.

As developments in this field progress, the transition towards biodegradable battery technology could redefine the future of electric mobility, paving the way for greener, more sustainable urban landscapes while mitigating the adverse ecological effects of contemporary battery technologies."
88,business & economy,Manufacturing exports surge dramatically as domestic companies expand investments across emerging global consumer markets.,"In an encouraging development for the national economy, manufacturing exports have witnessed a dramatic surge, spurred by domestic companies expanding their investments across emerging global consumer markets. This growth trajectory signifies not just a robust manufacturing sector but also a strategic pivot towards international outreach.

Several factors contribute to this upward trend. Foremost among them is the growing demand for high-quality, competitively-priced goods in emerging markets across Asia, Africa, and Latin America. With rising middle classes in these regions, there is an increased appetite for consumer goods, electronics, and automotive parts, amongst other manufactured products. Domestic companies, recognizing this potential, have strategically increased their investments to scale production capacity and align it with international standards.

Moreover, advancements in technology have enabled manufacturers to optimize their operations, making them leaner and more cost-effective. This technological edge has made products affordable and attractive to foreign buyers. Government initiatives play a pivotal role too. By offering incentives and streamlining export processes, domestic enterprises are encouraged to explore and penetrate these burgeoning markets.

Furthermore, bilateral trade agreements have fostered a more conducive environment for export. By reducing tariffs and simplifying regulations, they have opened doors to markets previously deemed difficult to penetrate, fostering a favorable balance of trade. As these companies continue to broaden their horizons, the manufacturing sector's robust export performance promises sustained economic vitality. This development not only highlights the resilience of domestic industries but also cements the country's position as a formidable player in the global marketplace."

59,defense & military,"Defense officials unveil next-generation unmanned reconnaissance aircraft prototype","In a groundbreaking advancement for military technology, defense officials have unveiled a prototype of a next-generation unmanned reconnaissance aircraft, poised to redefine intelligence gathering on the modern battlefield. The new prototype, heralded as a technological marvel, promises enhanced surveillance capabilities while significantly minimizing risk to human personnel.

Engineered with state-of-the-art stealth technology, the aircraft is designed to perform in intricate and high-threat environments, providing real-time intelligence and superior situational awareness. The newly developed reconnaissance capabilities allow for heightened data collection and analysis, enabling military forces to make informed decisions with unprecedented precision.

At the unveiling, officials emphasized the aircraft's modular design, allowing for mission-specific configuration. This adaptability ensures versatile operation in a variety of terrains and conditions, enhancing operational flexibility. Key features include advanced optics and sensor systems, autonomous flight capabilities powered by cutting-edge artificial intelligence, and an extended operational range, which collectively offer a strategic advantage over existing reconnaissance technologies.

This initiative marks a significant leap forward in defense innovation, highlighting the ongoing commitment to leveraging emerging technologies to bolster national security. The deployment of such unmanned systems not only augments the breadth of reconnaissance operations but also aligns with broader defense goals of reducing reliance on manpower and improving battlefield efficiency.

Project leaders remain optimistic about the future operational deployment of the aircraft, viewing it as a pivotal tool in securing global peace and stability through superior intelligence capabilities. As development continues, the prototype stands as a testament to the transformative potential of military technology in shaping the future of defense operations."
3,finance & markets,""Stock markets rebound strongly after central bank announces revised inflation control and liquidity measures."","In a robust turn of events, global stock markets showcased a strong rebound as investors reacted positively to the central bank's new inflation control measures and liquidity interventions. After enduring a period of heightened volatility and bearish trends, investor sentiment was uplifted following the bank's decisive steps to stabilize economic conditions.

The central bank's revised strategy includes a comprehensive suite of tools aimed at curbing inflation while ensuring adequate liquidity in the financial system. By adjusting interest rates and expanding asset purchase programs, the bank signaled its commitment to supporting economic growth without compromising price stability. These measures were particularly welcomed by market participants who had expressed concerns over rising inflationary pressures and the potential for tighter monetary policies that could stifle economic recovery.

Key indices across major financial markets reflected this renewed optimism. The S&P 500 posted its largest single-day gain in months, while European and Asian markets mirrored the upward trajectory, exhibiting significant increases in investor confidence. The technology and financial sectors, which had experienced notable losses in recent weeks, led the rally, with several blue-chip stocks climbing to pre-dip levels.

Analysts suggest that the central bank's proactive approach may mitigate the adverse economic impacts anticipated from escalating prices and reduced consumer spending. By concentrating on both inflation control and liquidity provision, the central bank has struck a balance that reassures markets while addressing fundamental economic challenges.

Moving forward, stakeholders will be keenly observing economic indicators and fiscal policies to gauge the long-term implications of these measures, as the pursuit of sustained economic stability remains at the forefront of financial deliberations."